micro_skill_code,question_id,questionType,correctAnswer
MATH-MS-001,00a39dab-3bcf-4749-b9dd-ca176de2d29e,MATH_MCQ,D
MATH-MS-001,03287687-927a-45b0-a9e4-b76281373c50,MATH_MCQ,D
MATH-MS-001,104975f8-a1f7-4b26-87ab-803b91b9c8dd,MATH_MCQ,A
MATH-MS-001,23304679-bc2f-419b-ac42-c459cf3df8a6,MATH_SPR,9
MATH-MS-001,28c8dd78-21cc-465d-8bba-c3de9a6189c1,MATH_MCQ,D
MATH-MS-001,32f519e2-414c-4aa9-a87a-445528282f57,MATH_SPR,6
MATH-MS-001,35f7620d-0f00-4930-84b8-030cf47a090c,MATH_MCQ,A
MATH-MS-001,42961db2-6ca1-4e60-915b-e02fe6e5794a,MATH_MCQ,D
MATH-MS-001,492772cd-3d3c-4eca-914b-9f8b3bf70150,MATH_SPR,6
MATH-MS-001,4caf1a93-e190-4fc8-ba71-3518613c3b38,MATH_SPR,3
MATH-MS-001,59c560d8-bb11-491a-bad1-2d7d8bec7c64,MATH_MCQ,C
MATH-MS-001,5f515821-6333-482b-8349-561318582b57,MATH_SPR,5
MATH-MS-001,632520b6-7250-4667-919b-e1f610b1f364,MATH_MCQ,A
MATH-MS-001,661c2f26-e663-4155-b5bb-c9044bbd45e0,MATH_MCQ,D
MATH-MS-001,6ee1402d-f10e-4700-8523-90b0074362d8,MATH_SPR,9
MATH-MS-001,79b79e97-f8ca-472c-9068-0a50ffe843af,MATH_SPR,3
MATH-MS-001,7e79c6c8-3152-4890-9eff-a3ee95a8a53e,MATH_MCQ,A
MATH-MS-001,84dd7c32-6f79-40b1-a629-0faa7c5d17be,MATH_MCQ,A
MATH-MS-001,915e1932-f145-44b7-a28c-f02f045e8ce7,MATH_SPR,6
MATH-MS-001,950cdd1a-a8ac-4377-9957-aaa917bccc33,MATH_MCQ,A
MATH-MS-001,9a92a988-86c2-4744-a093-7188f82600c1,MATH_MCQ,D
MATH-MS-001,9d53bd1d-224f-4203-a44f-a869e667724f,MATH_MCQ,A
MATH-MS-001,b5192036-d40a-4ede-be56-aba921067b7c,MATH_SPR,9
MATH-MS-001,c06f80e0-6f61-4dfb-a8bf-8f0616992001,MATH_MCQ,D
MATH-MS-001,d028d5aa-1a60-45aa-87bd-c8daf44aaacc,MATH_MCQ,A
MATH-MS-001,e93ed4a4-9000-4dd4-ba6f-762531bb3dec,MATH_SPR,3
MATH-MS-001,efd36dd0-3b07-44f8-a4f1-4828c794b9b1,MATH_MCQ,D
MATH-MS-001,f3f8fc1f-55b2-415c-b01b-462c324cd40d,MATH_MCQ,A
MATH-MS-001,f4099bef-e3cf-4b99-b8c1-f2d4e49eb2f6,MATH_MCQ,D
MATH-MS-001,fb48630d-19f8-45f2-b3d7-5723c54a9edd,MATH_MCQ,D
RW-MS-001,003006ac-f5ff-4998-b8d6-1d4c81cdfac2,RW_PASSAGE_MCQ,A
RW-MS-001,10fdfa68-26a2-4a74-b670-bc220e160daf,RW_PASSAGE_MCQ,C
RW-MS-001,12a32f81-08fb-4f51-bc08-b1c8f8eeb110,RW_PASSAGE_MCQ,A
RW-MS-001,19ad43d0-cfa7-44d7-854a-2d6aad48c63b,RW_PASSAGE_MCQ,B
RW-MS-001,1be8f04e-9bab-4cae-a7a4-1b55cbc6a6ce,RW_PASSAGE_MCQ,C
RW-MS-001,1d384249-6ade-4b57-bd98-29b37f94c934,RW_PASSAGE_MCQ,C
RW-MS-001,26997352-bd02-4710-8e7c-4564f9395a42,RW_PASSAGE_MCQ,C
RW-MS-001,3081a25e-4e13-4fe6-9062-3e565b924554,RW_PASSAGE_MCQ,A
RW-MS-001,34e5b610-5278-4990-8317-1ca738fb64d8,RW_PASSAGE_MCQ,A
RW-MS-001,4090f967-ebcc-4a6f-afec-3117f8c516ec,RW_PASSAGE_MCQ,B
RW-MS-001,53bfd807-67c3-4602-8033-c7df0e5465c2,RW_PASSAGE_MCQ,C
RW-MS-001,55743041-b363-48db-802b-b67daa75c23b,RW_PASSAGE_MCQ,C
RW-MS-001,5a428bde-0b0d-4613-aeca-5da57540cbb0,RW_PASSAGE_MCQ,B
RW-MS-001,662d9f3f-6099-40f8-a49f-0d2b33136238,RW_PASSAGE_MCQ,B
RW-MS-001,6f4bd54c-d37c-44bf-ba63-b25ce513df61,RW_PASSAGE_MCQ,A
RW-MS-001,735cfb12-17b5-435e-b114-cbe8b270bf61,RW_PASSAGE_MCQ,A
RW-MS-001,894d5428-0a9a-4b6c-a2d1-f3f20568b686,RW_PASSAGE_MCQ,C
RW-MS-001,8c35d957-ff58-404f-a844-1f223f313f7b,RW_PASSAGE_MCQ,B
RW-MS-001,8cf0d4e4-9fbd-47b3-9b29-2ea8434f0efa,RW_PASSAGE_MCQ,B
RW-MS-001,8e3a8a69-ca7e-47dd-ab42-b9298c5cea85,RW_PASSAGE_MCQ,C
RW-MS-001,b25171f0-753c-498c-b0be-6e314f3a7e12,RW_PASSAGE_MCQ,B
RW-MS-001,b2ec9cd7-693f-4d23-a9a1-745bfa34fc75,RW_PASSAGE_MCQ,B
RW-MS-001,b6275643-6509-4af0-8eda-a17597a99c58,RW_PASSAGE_MCQ,A
RW-MS-001,b6e6be56-ffc4-4a3d-9058-c03fea5428c9,RW_PASSAGE_MCQ,A
RW-MS-001,c7de03a2-fdf8-4dec-ac1a-0fed63ac257c,RW_PASSAGE_MCQ,B
RW-MS-001,c9af87f7-b7f8-4098-b57b-92cb82693ca3,RW_PASSAGE_MCQ,B
RW-MS-001,d221042b-e8d8-4fd5-9e39-dc08bd935988,RW_PASSAGE_MCQ,A
RW-MS-001,dd64daed-ad97-4c8a-a361-9837450abcb7,RW_PASSAGE_MCQ,A
RW-MS-001,ee9c0654-8bc7-486f-b732-32987a183415,RW_PASSAGE_MCQ,C
RW-MS-001,ff51bf21-9a5c-4cf6-b4a3-c8e48195d00e,RW_PASSAGE_MCQ,B
RW-MS-002,029c5579-a765-4c3b-9401-88f0f10f2d13,RW_PASSAGE_MCQ,C
RW-MS-002,06c7e9d5-da8c-4ee9-bb7a-10a438bcb1af,RW_PASSAGE_MCQ,B
RW-MS-002,1222d32f-8fb1-4a93-b687-d33d2d34fb61,RW_PASSAGE_MCQ,A
RW-MS-002,141af5e4-60fb-4894-945f-b2a5183cacb6,RW_PASSAGE_MCQ,A
RW-MS-002,172f52a3-73e6-44bd-9398-3f185519131b,RW_PASSAGE_MCQ,C
RW-MS-002,196b95ba-0c9a-44fb-964b-dfa7a6de15b8,RW_PASSAGE_MCQ,C
RW-MS-002,2191860e-78b6-4462-97ce-d3fd5fe26f61,RW_PASSAGE_MCQ,A
RW-MS-002,21faef3a-3ff6-454c-9fef-d842275dd67c,RW_PASSAGE_MCQ,C
RW-MS-002,28c306e6-723d-44cc-8264-50a510065538,RW_PASSAGE_MCQ,A
RW-MS-002,33a85c21-0958-481e-ad04-c611c506f103,RW_PASSAGE_MCQ,B
RW-MS-002,422c6cdd-de4b-4d44-aafd-9ef558869578,RW_PASSAGE_MCQ,B
RW-MS-002,49811d10-0271-4a96-83ee-d39e1dc1f392,RW_PASSAGE_MCQ,B
RW-MS-002,6742887f-aa0e-4d95-a51d-51cb5f769547,RW_PASSAGE_MCQ,B
RW-MS-002,67d613f0-d62d-41ce-ae8e-c5db8a70f3c1,RW_PASSAGE_MCQ,C
RW-MS-002,74b96d87-1838-4934-8b92-ad0c532be8a1,RW_PASSAGE_MCQ,C
RW-MS-002,831f1450-3a84-44d5-9a71-c28244489605,RW_PASSAGE_MCQ,A
RW-MS-002,93e4b2aa-7d6a-414e-96f3-53ef33900914,RW_PASSAGE_MCQ,A
RW-MS-002,93e9e3a5-a6ae-4c0a-9376-49289654063e,RW_PASSAGE_MCQ,A
RW-MS-002,9bf99595-995a-43a0-8ec7-75406223f6f8,RW_PASSAGE_MCQ,B
RW-MS-002,9d0f27b3-0459-4740-8be5-2d938fcaeb7e,RW_PASSAGE_MCQ,C
RW-MS-002,a3826ef5-a64b-45f9-b107-52a1b80ea722,RW_PASSAGE_MCQ,B
RW-MS-002,b2ff69c2-db12-4ffd-958e-a1a9fc5ff07d,RW_PASSAGE_MCQ,A
RW-MS-002,b582c040-8272-418e-b874-64d85bc7a48a,RW_PASSAGE_MCQ,A
RW-MS-002,b9b41ce5-75ae-43d2-9b3e-b77759e1d47d,RW_PASSAGE_MCQ,B
RW-MS-002,c06e4525-22b0-4246-9b73-96a4a9d89f3d,RW_PASSAGE_MCQ,A
RW-MS-002,c603811a-5697-4619-bb55-6037fcee94cb,RW_PASSAGE_MCQ,B
RW-MS-002,e655422d-7610-455e-af4d-ab5dea91cf68,RW_PASSAGE_MCQ,C
RW-MS-002,f31afeb4-b2b4-4081-a7fb-e591aa326cf1,RW_PASSAGE_MCQ,C
RW-MS-002,fcf62329-083c-4456-8f09-0a21b268e61c,RW_PASSAGE_MCQ,B
RW-MS-002,ff943c17-80ea-4f21-9cd1-39426b9e523e,RW_PASSAGE_MCQ,C
